{
  "max_kl": 11.264257049560547,
  "l2_mlp_mean": 3.16315342237552
}