{
  "max_kl": 21.77328872680664,
  "mean_kl": 10.772122838844856,
  "l2_mean": 19.108954270680744,
  "top_layer": 2
}