{
  "best_global_step": null,
  "best_metric": null,
  "best_model_checkpoint": null,
  "epoch": 50.0,
  "eval_steps": 500,
  "global_step": 100,
  "is_hyper_param_search": false,
  "is_local_process_zero": true,
  "is_world_process_zero": true,
  "log_history": [
    {
      "entropy": 2.4378599775464913,
      "epoch": 12.666666666666666,
      "grad_norm": 4.71216344833374,
      "learning_rate": 0.00016888888888888889,
      "loss": 2.4420172119140626,
      "mean_token_accuracy": 0.5208711408470806,
      "num_tokens": 2280.0,
      "step": 25
    },
    {
      "entropy": 0.7547511412082492,
      "epoch": 25.0,
      "grad_norm": 3.895625114440918,
      "learning_rate": 0.00011333333333333334,
      "loss": 0.4402995300292969,
      "mean_token_accuracy": 0.8723205988471573,
      "num_tokens": 4500.0,
      "step": 50
    },
    {
      "entropy": 0.11101534041134935,
      "epoch": 37.666666666666664,
      "grad_norm": 1.9237086772918701,
      "learning_rate": 5.7777777777777776e-05,
      "loss": 0.08616024017333984,
      "mean_token_accuracy": 0.9587114312146839,
      "num_tokens": 6780.0,
      "step": 75
    },
    {
      "entropy": 0.08136155113980577,
      "epoch": 50.0,
      "grad_norm": 3.98700213432312,
      "learning_rate": 2.2222222222222225e-06,
      "loss": 0.0673453950881958,
      "mean_token_accuracy": 0.9627213413650925,
      "num_tokens": 9000.0,
      "step": 100
    }
  ],
  "logging_steps": 25,
  "max_steps": 100,
  "num_input_tokens_seen": 0,
  "num_train_epochs": 50,
  "save_steps": 500,
  "stateful_callbacks": {
    "TrainerControl": {
      "args": {
        "should_epoch_stop": false,
        "should_evaluate": false,
        "should_log": false,
        "should_save": true,
        "should_training_stop": true
      },
      "attributes": {}
    }
  },
  "total_flos": 19341096192000.0,
  "train_batch_size": 1,
  "trial_name": null,
  "trial_params": null
}
