{
  "experiment": "13B",
  "name": "Width Scaling",
  "model": "LiquidAI/LFM2.5-230M",
  "seed": 42,
  "device": "cuda:0",
  "elapsed_seconds": 870.2498958110809,
  "timestamp": "2026-06-30T14:16:10",
  "results": {
    "K_1": {
      "K": 1,
      "best_of_K_accuracy": 0.16666666666666666,
      "avg_field_recall": 0.24444444444444444
    },
    "K_2": {
      "K": 2,
      "best_of_K_accuracy": 0.7,
      "avg_field_recall": 0.8694444444444444
    },
    "K_5": {
      "K": 5,
      "best_of_K_accuracy": 0.7666666666666667,
      "avg_field_recall": 0.9083333333333333
    },
    "K_10": {
      "K": 10,
      "best_of_K_accuracy": 0.7666666666666667,
      "avg_field_recall": 0.9138888888888889
    },
    "K_20": {
      "K": 20,
      "best_of_K_accuracy": 0.8,
      "avg_field_recall": 0.9416666666666667
    },
    "K_50": {
      "K": 50,
      "best_of_K_accuracy": 0.8333333333333334,
      "avg_field_recall": 0.95
    }
  }
}