{
  "family": "code_semantics",
  "rank": 8,
  "steps": 100,
  "lr": 0.0002,
  "batch_size": 2,
  "final_loss": 0.05001794919371605,
  "final_acc": 1.0,
  "loss_curve": [
    1.8639259338378906,
    2.4520764350891113,
    1.8298777341842651,
    1.601331353187561,
    0.9455595016479492,
    1.8275686502456665,
    1.0969579219818115,
    1.3748233318328857,
    0.5158036947250366,
    0.5589965581893921,
    0.69087153673172,
    0.42726361751556396,
    0.3455077111721039,
    0.3942047953605652,
    0.5924826860427856,
    0.22500085830688477,
    0.27808937430381775,
    0.16964125633239746,
    0.28451526165008545,
    0.15671944618225098,
    0.20693522691726685,
    0.16275307536125183,
    0.27304527163505554,
    0.2538153827190399,
    0.10203907638788223,
    0.08315915614366531,
    0.12787051498889923,
    0.06869977712631226,
    0.04522290825843811,
    0.2105046957731247,
    0.40544593334198,
    0.21304433047771454,
    0.02210867404937744,
    0.09085819870233536,
    0.00334497750736773,
    0.16394563019275665,
    0.06745384633541107,
    0.2073890119791031,
    0.11500637233257294,
    0.111429363489151,
    0.0009125994401983917,
    0.0735018253326416,
    0.09053902328014374,
    0.05282123014330864,
    0.09233787655830383,
    0.10916060954332352,
    0.26695871353149414,
    0.0003987519594375044,
    0.0498078353703022,
    0.0006083534681238234,
    0.11287232488393784,
    0.06668054312467575,
    0.11275184899568558,
    0.10465694218873978,
    0.08858740329742432,
    0.0006791178020648658,
    0.044650956988334656,
    0.08691494166851044,
    0.11093100160360336,
    0.06610766798257828,
    0.07303272187709808,
    0.07974986732006073,
    0.00046923430636525154,
    0.067520871758461,
    0.0003331155457999557,
    0.2643739581108093,
    0.059402551501989365,
    0.05350394546985626,
    0.028915753588080406,
    0.054488543421030045,
    0.0003970545076299459,
    0.06489887833595276,
    0.0943295881152153,
    0.06414219737052917,
    0.07212653756141663,
    0.05583646148443222,
    0.091866634786129,
    0.00031013102852739394,
    0.05865786224603653,
    0.00029523734701797366,
    0.180691659450531,
    0.05305718258023262,
    0.05997004359960556,
    0.04130258038640022,
    0.062398511916399,
    0.00033525220351293683,
    0.04866160452365875,
    0.08101202547550201,
    0.06331019103527069,
    0.06490332633256912,
    0.05919652432203293,
    0.08244174718856812,
    0.00025704558356665075,
    0.059206895530223846,
    0.00022275070659816265,
    0.1866074949502945,
    0.05120227113366127,
    0.055069174617528915,
    0.02984652668237686,
    0.05001794919371605
  ],
  "acc_curve": [
    0.5333333611488342,
    0.5925925970077515,
    0.6666666865348816,
    0.5625,
    0.8292682766914368,
    0.6666666865348816,
    0.7096773982048035,
    0.6666666865348816,
    0.8799999952316284,
    0.9333333373069763,
    0.7857142686843872,
    0.8611111044883728,
    0.9285714030265808,
    0.8965517282485962,
    0.8148148059844971,
    0.9666666388511658,
    0.9259259104728699,
    0.9583333134651184,
    0.90625,
    0.9756097793579102,
    0.8888888955116272,
    0.9677419066429138,
    0.8999999761581421,
    0.9200000166893005,
    0.9666666388511658,
    0.9642857313156128,
    0.9444444179534912,
    0.9642857313156128,
    1.0,
    0.8518518805503845,
    0.8666666746139526,
    0.9259259104728699,
    1.0,
    0.9375,
    1.0,
    0.9444444179534912,
    0.9677419066429138,
    0.9333333373069763,
    0.9599999785423279,
    0.9666666388511658,
    1.0,
    0.9722222089767456,
    0.9642857313156128,
    0.9655172228813171,
    0.9629629850387573,
    0.9333333373069763,
    0.8888888955116272,
    1.0,
    0.96875,
    1.0,
    0.9444444179534912,
    0.9677419066429138,
    0.9333333373069763,
    0.9599999785423279,
    0.9666666388511658,
    1.0,
    0.9722222089767456,
    0.9642857313156128,
    0.9655172228813171,
    0.9629629850387573,
    0.9666666388511658,
    0.9629629850387573,
    1.0,
    0.96875,
    1.0,
    0.8888888955116272,
    0.9677419066429138,
    0.9666666388511658,
    1.0,
    0.9666666388511658,
    1.0,
    0.9722222089767456,
    0.9642857313156128,
    0.9655172228813171,
    0.9629629850387573,
    0.9666666388511658,
    0.9259259104728699,
    1.0,
    0.96875,
    1.0,
    0.8888888955116272,
    0.9677419066429138,
    0.9666666388511658,
    0.9599999785423279,
    0.9666666388511658,
    1.0,
    0.9722222089767456,
    0.9642857313156128,
    0.9655172228813171,
    0.9629629850387573,
    0.9666666388511658,
    0.9629629850387573,
    1.0,
    0.96875,
    1.0,
    0.8888888955116272,
    0.9677419066429138,
    0.9666666388511658,
    0.9599999785423279,
    1.0
  ],
  "n_examples": 300,
  "timestamp": "2026-06-21T19:56:50.264991+00:00"
}