{
  "family": "delimiter_tracking",
  "rank": 8,
  "steps": 100,
  "lr": 0.0002,
  "batch_size": 2,
  "final_loss": 0.16390389204025269,
  "final_acc": 0.9090909361839294,
  "loss_curve": [
    4.58760404586792,
    2.6637206077575684,
    2.6464593410491943,
    2.2704474925994873,
    2.548720598220825,
    2.999361276626587,
    1.5584415197372437,
    2.448493003845215,
    1.2868108749389648,
    1.3081591129302979,
    0.7901891469955444,
    0.8749523758888245,
    1.728857159614563,
    1.0923502445220947,
    0.6245093941688538,
    1.2719025611877441,
    0.4821394085884094,
    0.578423261642456,
    0.3616604506969452,
    0.46190130710601807,
    0.5930913090705872,
    0.27694591879844666,
    0.8394315242767334,
    0.392856627702713,
    0.3800625801086426,
    0.2539184093475342,
    0.21946685016155243,
    0.22221270203590393,
    0.28606846928596497,
    0.34515273571014404,
    0.5164463520050049,
    0.19565430283546448,
    0.22471408545970917,
    0.15778902173042297,
    0.153826043009758,
    0.33555710315704346,
    0.2034616321325302,
    0.3633260428905487,
    0.27106285095214844,
    0.16866494715213776,
    0.13602402806282043,
    0.17810264229774475,
    0.18895132839679718,
    0.26676127314567566,
    0.23239979147911072,
    0.4259680509567261,
    0.18900638818740845,
    0.2008339762687683,
    0.1762549877166748,
    0.1394527703523636,
    0.19479165971279144,
    0.16624873876571655,
    0.31770795583724976,
    0.2034623920917511,
    0.201724112033844,
    0.16891342401504517,
    0.138057142496109,
    0.16958670318126678,
    0.22311867773532867,
    0.17922456562519073,
    0.3517898619174957,
    0.1749546080827713,
    0.16622774302959442,
    0.1676737517118454,
    0.13404537737369537,
    0.21637508273124695,
    0.1644560694694519,
    0.3121602237224579,
    0.21105247735977173,
    0.16543015837669373,
    0.14121150970458984,
    0.1425289511680603,
    0.16497866809368134,
    0.2404831498861313,
    0.1826518028974533,
    0.3480449914932251,
    0.14928856492042542,
    0.17264391481876373,
    0.1524064540863037,
    0.12084805965423584,
    0.2108563780784607,
    0.16219496726989746,
    0.3652461767196655,
    0.20016594231128693,
    0.16494198143482208,
    0.14860299229621887,
    0.13165920972824097,
    0.16542327404022217,
    0.233133926987648,
    0.17903085052967072,
    0.30706197023391724,
    0.15640129148960114,
    0.16276763379573822,
    0.1540733277797699,
    0.11583221703767776,
    0.21209755539894104,
    0.15803581476211548,
    0.2932029962539673,
    0.20238421857357025,
    0.16390389204025269
  ],
  "acc_curve": [
    0.2777777910232544,
    0.3478260934352875,
    0.7200000286102295,
    0.5,
    0.5416666865348816,
    0.5,
    0.5,
    0.6111111044883728,
    0.695652186870575,
    0.6818181872367859,
    0.8275862336158752,
    0.695652186870575,
    0.6190476417541504,
    0.7222222089767456,
    0.8636363744735718,
    0.7222222089767456,
    0.782608687877655,
    0.8399999737739563,
    0.9230769276618958,
    0.8333333134651184,
    0.8333333134651184,
    0.8636363744735718,
    0.8333333134651184,
    0.8260869383811951,
    0.8636363744735718,
    0.931034505367279,
    0.8695651888847351,
    0.9523809552192688,
    0.8888888955116272,
    0.9090909361839294,
    0.8888888955116272,
    0.9130434989929199,
    0.9200000166893005,
    0.9230769276618958,
    0.9583333134651184,
    0.8888888955116272,
    0.9090909361839294,
    0.8888888955116272,
    0.9130434989929199,
    0.9090909361839294,
    0.931034505367279,
    0.9130434989929199,
    0.9047619104385376,
    0.8888888955116272,
    0.9090909361839294,
    0.8888888955116272,
    0.8695651888847351,
    0.9200000166893005,
    0.8846153616905212,
    0.9166666865348816,
    0.8888888955116272,
    0.9090909361839294,
    0.8888888955116272,
    0.9130434989929199,
    0.9090909361839294,
    0.931034505367279,
    0.9130434989929199,
    0.9523809552192688,
    0.8888888955116272,
    0.9090909361839294,
    0.8888888955116272,
    0.8695651888847351,
    0.9200000166893005,
    0.8846153616905212,
    0.9166666865348816,
    0.8888888955116272,
    0.9090909361839294,
    0.8888888955116272,
    0.9130434989929199,
    0.9090909361839294,
    0.931034505367279,
    0.9130434989929199,
    0.9047619104385376,
    0.8888888955116272,
    0.9090909361839294,
    0.8888888955116272,
    0.9130434989929199,
    0.9200000166893005,
    0.9230769276618958,
    0.9583333134651184,
    0.8888888955116272,
    0.9090909361839294,
    0.8888888955116272,
    0.9130434989929199,
    0.9090909361839294,
    0.931034505367279,
    0.9130434989929199,
    0.9523809552192688,
    0.8888888955116272,
    0.9090909361839294,
    0.8888888955116272,
    0.9130434989929199,
    0.9200000166893005,
    0.9230769276618958,
    0.9583333134651184,
    0.8888888955116272,
    0.9090909361839294,
    0.8888888955116272,
    0.9130434989929199,
    0.9090909361839294
  ],
  "n_examples": 300,
  "timestamp": "2026-06-21T19:55:43.497256+00:00"
}