{
  "family": "json_schema",
  "rank": 8,
  "steps": 100,
  "lr": 0.0002,
  "batch_size": 2,
  "final_loss": 0.062433164566755295,
  "final_acc": 0.9622641801834106,
  "loss_curve": [
    2.5598697662353516,
    1.8533034324645996,
    2.1719374656677246,
    1.3210238218307495,
    1.4762097597122192,
    1.1815320253372192,
    0.9042766690254211,
    0.9906830191612244,
    0.5479348301887512,
    0.3873540759086609,
    0.6635671854019165,
    0.7421177625656128,
    0.4813140332698822,
    0.39701199531555176,
    0.5235795378684998,
    0.713765025138855,
    0.14778295159339905,
    0.4144475758075714,
    0.18368615210056305,
    0.39251402020454407,
    0.2005215883255005,
    0.25827860832214355,
    0.33984655141830444,
    0.1582297533750534,
    0.07725915312767029,
    0.22968414425849915,
    0.17146924138069153,
    0.1243271678686142,
    0.12887634336948395,
    0.17519493401050568,
    0.22211509943008423,
    0.07916992902755737,
    0.12572070956230164,
    0.08939170837402344,
    0.10367509722709656,
    0.10487530380487442,
    0.07722277194261551,
    0.11103387922048569,
    0.1785224974155426,
    0.09693731367588043,
    0.09581894427537918,
    0.08296818286180496,
    0.07815838605165482,
    0.07820045948028564,
    0.08000600337982178,
    0.33812469244003296,
    0.07402931898832321,
    0.09612622112035751,
    0.09026390314102173,
    0.09382900595664978,
    0.08934783935546875,
    0.06704792380332947,
    0.12196654081344604,
    0.13545505702495575,
    0.06649313867092133,
    0.09778319299221039,
    0.07317160815000534,
    0.07521965354681015,
    0.07623601704835892,
    0.08174146711826324,
    0.12518158555030823,
    0.05556024610996246,
    0.07685275375843048,
    0.08515691757202148,
    0.09448374807834625,
    0.08164041489362717,
    0.07782687246799469,
    0.09554894268512726,
    0.1112627163529396,
    0.05877646431326866,
    0.09194451570510864,
    0.0783572793006897,
    0.07445436716079712,
    0.06491498649120331,
    0.07264982163906097,
    0.10617214441299438,
    0.0634915754199028,
    0.08167266100645065,
    0.07980765402317047,
    0.0831894651055336,
    0.07343512028455734,
    0.06050466001033783,
    0.08990747481584549,
    0.11792665719985962,
    0.06545550376176834,
    0.08497211337089539,
    0.07525064796209335,
    0.06773260980844498,
    0.06469521671533585,
    0.07098037004470825,
    0.10835675895214081,
    0.059038300067186356,
    0.07826972752809525,
    0.07200253754854202,
    0.08049637079238892,
    0.07451114803552628,
    0.0619964674115181,
    0.08416606485843658,
    0.10817503184080124,
    0.062433164566755295
  ],
  "acc_curve": [
    0.6000000238418579,
    0.694915235042572,
    0.5869565010070801,
    0.7272727489471436,
    0.7450980544090271,
    0.800000011920929,
    0.8125,
    0.7419354915618896,
    0.8823529481887817,
    0.9056603908538818,
    0.800000011920929,
    0.8571428656578064,
    0.9137930870056152,
    0.9107142686843872,
    0.875,
    0.7799999713897705,
    0.9830508232116699,
    0.9347826242446899,
    0.9636363387107849,
    0.8823529481887817,
    0.9399999976158142,
    0.9375,
    0.8548387289047241,
    0.9411764740943909,
    0.9622641801834106,
    0.8888888955116272,
    0.9464285969734192,
    0.9482758641242981,
    0.9642857313156128,
    0.953125,
    0.9599999785423279,
    0.9661017060279846,
    0.95652174949646,
    0.9636363387107849,
    0.9607843160629272,
    0.9599999785423279,
    0.96875,
    0.9677419066429138,
    0.9607843160629272,
    0.9622641801834106,
    0.9555555582046509,
    0.9642857313156128,
    0.9655172228813171,
    0.9642857313156128,
    0.96875,
    0.9399999976158142,
    0.9661017060279846,
    0.95652174949646,
    0.9818181991577148,
    0.9607843160629272,
    0.9599999785423279,
    0.96875,
    0.9677419066429138,
    0.9607843160629272,
    0.9622641801834106,
    0.9555555582046509,
    0.9642857313156128,
    0.9655172228813171,
    0.9642857313156128,
    0.96875,
    0.9599999785423279,
    0.9830508232116699,
    0.95652174949646,
    0.9636363387107849,
    0.9607843160629272,
    0.9599999785423279,
    0.96875,
    0.9677419066429138,
    0.9607843160629272,
    0.9622641801834106,
    0.9555555582046509,
    0.9642857313156128,
    0.9655172228813171,
    0.9642857313156128,
    0.96875,
    0.9599999785423279,
    0.9661017060279846,
    0.95652174949646,
    0.9636363387107849,
    0.9607843160629272,
    0.9599999785423279,
    0.96875,
    0.9677419066429138,
    0.9607843160629272,
    0.9622641801834106,
    0.9555555582046509,
    0.9642857313156128,
    0.9655172228813171,
    0.9642857313156128,
    0.96875,
    0.9599999785423279,
    0.9661017060279846,
    0.95652174949646,
    0.9636363387107849,
    0.9607843160629272,
    0.9599999785423279,
    0.96875,
    0.9677419066429138,
    0.9607843160629272,
    0.9622641801834106
  ],
  "n_examples": 300,
  "timestamp": "2026-06-21T19:57:26.418943+00:00"
}