{
  "n_layers": 24,
  "families": [
    "arithmetic",
    "code_syntax",
    "copying",
    "delimiter_tracking",
    "factual_recall",
    "json_schema",
    "verbosity_control"
  ],
  "layer_names": [
    "layer_00",
    "layer_01",
    "layer_02",
    "layer_03",
    "layer_04",
    "layer_05",
    "layer_06",
    "layer_07",
    "layer_08",
    "layer_09",
    "layer_10",
    "layer_11",
    "layer_12",
    "layer_13",
    "layer_14",
    "layer_15",
    "layer_16",
    "layer_17",
    "layer_18",
    "layer_19",
    "layer_20",
    "layer_21",
    "layer_22",
    "layer_23"
  ],
  "effect_matrix": [
    [
      0.0,
      -797699642.1813965,
      -306497573.85253906,
      -534182929.9926758,
      -28761894.83097331,
      0.0,
      1.0
    ],
    [
      0.0,
      -797699642.1813965,
      -306497573.85253906,
      -534182929.9926758,
      -28761894.83097331,
      0.0,
      1.0
    ],
    [
      0.0,
      -797699642.1813965,
      -306497573.85253906,
      -534182929.9926758,
      -28761894.83097331,
      0.0,
      1.0
    ],
    [
      0.0,
      -797699642.1813965,
      -306497573.85253906,
      -534182929.9926758,
      -28761894.83097331,
      0.0,
      1.0
    ],
    [
      0.0,
      -797699642.1813965,
      -306497573.85253906,
      -534182929.9926758,
      -28761894.83097331,
      0.0,
      1.0
    ],
    [
      0.0,
      -797699642.1813965,
      -306497573.85253906,
      -534182929.9926758,
      -28761894.83097331,
      0.0,
      1.0
    ],
    [
      0.0,
      -797699642.1813965,
      -306497573.85253906,
      -534182929.9926758,
      -28761894.83097331,
      0.0,
      1.0
    ],
    [
      0.0,
      -797699642.1813965,
      -306497573.85253906,
      -534182929.9926758,
      -28761894.83097331,
      0.0,
      1.0
    ],
    [
      0.0,
      -797699642.1813965,
      -306497573.85253906,
      -534182929.9926758,
      -28761894.83097331,
      0.0,
      1.0
    ],
    [
      0.0,
      -797699642.1813965,
      -306497573.85253906,
      -534182929.9926758,
      -28761894.83097331,
      0.0,
      1.0
    ],
    [
      0.0,
      -797699642.1813965,
      -306497573.85253906,
      -534182929.9926758,
      -28761894.83097331,
      0.0,
      1.0
    ],
    [
      0.0,
      -797699642.1813965,
      -306497573.85253906,
      -534182929.9926758,
      -28761894.83097331,
      0.0,
      1.0
    ],
    [
      0.0,
      -797699642.1813965,
      -306497573.85253906,
      -534182929.9926758,
      -28761894.83097331,
      0.0,
      1.0
    ],
    [
      0.0,
      -797699642.1813965,
      -306497573.85253906,
      -534182929.9926758,
      -28761894.83097331,
      0.0,
      1.0
    ],
    [
      0.0,
      -797699642.1813965,
      -306497573.85253906,
      -534182929.9926758,
      -28761894.83097331,
      0.0,
      1.0
    ],
    [
      0.0,
      -797699642.1813965,
      -306497573.85253906,
      -534182929.9926758,
      -28761894.83097331,
      0.0,
      1.0
    ],
    [
      0.0,
      -797699642.1813965,
      -306497573.85253906,
      -534182929.9926758,
      -28761894.83097331,
      0.0,
      1.0
    ],
    [
      0.0,
      -797699642.1813965,
      -306497573.85253906,
      -534182929.9926758,
      -28761894.83097331,
      0.0,
      1.0
    ],
    [
      0.0,
      -797699642.1813965,
      -306497573.85253906,
      -534182929.9926758,
      -28761894.83097331,
      0.0,
      1.0
    ],
    [
      0.0,
      -797699642.1813965,
      -306497573.85253906,
      -534182929.9926758,
      -28761894.83097331,
      0.0,
      1.0
    ],
    [
      0.0,
      -797699642.1813965,
      -306497573.85253906,
      -534182929.9926758,
      -28761894.83097331,
      0.0,
      1.0
    ],
    [
      0.0,
      -797699642.1813965,
      -306497573.85253906,
      -534182929.9926758,
      -28761894.83097331,
      0.0,
      1.0
    ],
    [
      0.0,
      -797699642.1813965,
      -306497573.85253906,
      -534182929.9926758,
      -28761894.83097331,
      0.0,
      1.0
    ],
    [
      0.0,
      -797699642.1813965,
      -306497573.85253906,
      -534182929.9926758,
      -28761894.83097331,
      0.0,
      1.0
    ]
  ],
  "counts": [
    [
      0.0,
      1.0,
      3.0,
      1.0,
      3.0,
      0.0,
      1.0
    ],
    [
      0.0,
      1.0,
      3.0,
      1.0,
      3.0,
      0.0,
      1.0
    ],
    [
      0.0,
      1.0,
      3.0,
      1.0,
      3.0,
      0.0,
      1.0
    ],
    [
      0.0,
      1.0,
      3.0,
      1.0,
      3.0,
      0.0,
      1.0
    ],
    [
      0.0,
      1.0,
      3.0,
      1.0,
      3.0,
      0.0,
      1.0
    ],
    [
      0.0,
      1.0,
      3.0,
      1.0,
      3.0,
      0.0,
      1.0
    ],
    [
      0.0,
      1.0,
      3.0,
      1.0,
      3.0,
      0.0,
      1.0
    ],
    [
      0.0,
      1.0,
      3.0,
      1.0,
      3.0,
      0.0,
      1.0
    ],
    [
      0.0,
      1.0,
      3.0,
      1.0,
      3.0,
      0.0,
      1.0
    ],
    [
      0.0,
      1.0,
      3.0,
      1.0,
      3.0,
      0.0,
      1.0
    ],
    [
      0.0,
      1.0,
      3.0,
      1.0,
      3.0,
      0.0,
      1.0
    ],
    [
      0.0,
      1.0,
      3.0,
      1.0,
      3.0,
      0.0,
      1.0
    ],
    [
      0.0,
      1.0,
      3.0,
      1.0,
      3.0,
      0.0,
      1.0
    ],
    [
      0.0,
      1.0,
      3.0,
      1.0,
      3.0,
      0.0,
      1.0
    ],
    [
      0.0,
      1.0,
      3.0,
      1.0,
      3.0,
      0.0,
      1.0
    ],
    [
      0.0,
      1.0,
      3.0,
      1.0,
      3.0,
      0.0,
      1.0
    ],
    [
      0.0,
      1.0,
      3.0,
      1.0,
      3.0,
      0.0,
      1.0
    ],
    [
      0.0,
      1.0,
      3.0,
      1.0,
      3.0,
      0.0,
      1.0
    ],
    [
      0.0,
      1.0,
      3.0,
      1.0,
      3.0,
      0.0,
      1.0
    ],
    [
      0.0,
      1.0,
      3.0,
      1.0,
      3.0,
      0.0,
      1.0
    ],
    [
      0.0,
      1.0,
      3.0,
      1.0,
      3.0,
      0.0,
      1.0
    ],
    [
      0.0,
      1.0,
      3.0,
      1.0,
      3.0,
      0.0,
      1.0
    ],
    [
      0.0,
      1.0,
      3.0,
      1.0,
      3.0,
      0.0,
      1.0
    ],
    [
      0.0,
      1.0,
      3.0,
      1.0,
      3.0,
      0.0,
      1.0
    ]
  ],
  "n_pairs": 17
}