{
  "experiment_id": "P2-XFAM-001",
  "model": "HuggingFaceTB/SmolLM2-1.7B",
  "n_layers": 24,
  "seed": 1,
  "git_commit": "f6587f3",
  "timestamp": "2026-06-22T12:34:43.886860+00:00",
  "tasks": {
    "json": {
      "baseline": {
        "mean_target_logprob": -7.562735080718994,
        "exact_match_rate": 0.3333333333333333
      },
      "ablation": {
        "0": 3.2399,
        "1": 3.2399,
        "2": 3.2399,
        "3": 3.2399,
        "4": 3.2399,
        "5": 3.2399,
        "6": 3.2399,
        "7": 3.2399,
        "8": 3.2399,
        "9": 3.2399,
        "10": 3.2399,
        "11": 3.2399,
        "12": 3.2399,
        "13": 3.2399,
        "14": 3.2399,
        "15": 3.2399,
        "16": 3.2399,
        "17": 3.2399,
        "18": 3.2399,
        "19": 3.2399,
        "20": 3.2399,
        "21": 3.2399,
        "22": 3.2399,
        "23": 3.2399
      },
      "top_3_hubs": [
        [
          0,
          3.2399
        ],
        [
          1,
          3.2399
        ],
        [
          2,
          3.2399
        ]
      ],
      "steering_at_hub": {
        "base_logprob": -7.562735080718994,
        "steered_logprob": -7.418556213378906,
        "steering_boost": 0.1441788673400879
      }
    },
    "factual": {
      "baseline": {
        "mean_target_logprob": -9.065071105957031,
        "exact_match_rate": 1.0
      },
      "ablation": {
        "0": 1.7376,
        "1": 1.7376,
        "2": 1.7376,
        "3": 1.7376,
        "4": 1.7376,
        "5": 1.7376,
        "6": 1.7376,
        "7": 1.7376,
        "8": 1.7376,
        "9": 1.7376,
        "10": 1.7376,
        "11": 1.7376,
        "12": 1.7376,
        "13": 1.7376,
        "14": 1.7376,
        "15": 1.7376,
        "16": 1.7376,
        "17": 1.7376,
        "18": 1.7376,
        "19": 1.7376,
        "20": 1.7376,
        "21": 1.7376,
        "22": 1.7376,
        "23": 1.7376
      },
      "top_3_hubs": [
        [
          0,
          1.7376
        ],
        [
          1,
          1.7376
        ],
        [
          2,
          1.7376
        ]
      ],
      "steering_at_hub": {
        "base_logprob": -9.065071105957031,
        "steered_logprob": -9.051506996154785,
        "steering_boost": 0.013564109802246094
      }
    },
    "copying": {
      "baseline": {
        "mean_target_logprob": -4.477669795354207,
        "exact_match_rate": 0.6666666666666666
      },
      "ablation": {
        "0": 6.325,
        "1": 6.325,
        "2": 6.325,
        "3": 6.325,
        "4": 6.325,
        "5": 6.325,
        "6": 6.325,
        "7": 6.325,
        "8": 6.325,
        "9": 6.325,
        "10": 6.325,
        "11": 6.325,
        "12": 6.325,
        "13": 6.325,
        "14": 6.325,
        "15": 6.325,
        "16": 6.325,
        "17": 6.325,
        "18": 6.325,
        "19": 6.325,
        "20": 6.325,
        "21": 6.325,
        "22": 6.325,
        "23": 6.325
      },
      "top_3_hubs": [
        [
          0,
          6.325
        ],
        [
          1,
          6.325
        ],
        [
          2,
          6.325
        ]
      ],
      "steering_at_hub": {
        "base_logprob": -4.477669795354207,
        "steered_logprob": -4.3247190316518145,
        "steering_boost": 0.15295076370239258
      }
    },
    "code": {
      "baseline": {
        "mean_target_logprob": -12.030670483907064,
        "exact_match_rate": 0.0
      },
      "ablation": {
        "0": -1.228,
        "1": -1.228,
        "2": -1.228,
        "3": -1.228,
        "4": -1.228,
        "5": -1.228,
        "6": -1.228,
        "7": -1.228,
        "8": -1.228,
        "9": -1.228,
        "10": -1.228,
        "11": -1.228,
        "12": -1.228,
        "13": -1.228,
        "14": -1.228,
        "15": -1.228,
        "16": -1.228,
        "17": -1.228,
        "18": -1.228,
        "19": -1.228,
        "20": -1.228,
        "21": -1.228,
        "22": -1.228,
        "23": -1.228
      },
      "top_3_hubs": [
        [
          0,
          -1.228
        ],
        [
          1,
          -1.228
        ],
        [
          2,
          -1.228
        ]
      ],
      "steering_at_hub": {
        "base_logprob": -12.030670483907064,
        "steered_logprob": -11.894736448923746,
        "steering_boost": 0.13593403498331824
      }
    }
  },
  "hub_layers": {
    "json": 0,
    "factual": 0,
    "copying": 0,
    "code": 0
  },
  "summary": {
    "hub_layers": [
      0,
      0,
      0,
      0
    ],
    "most_common_hub": 0,
    "hub_consistent": true
  }
}