{
  "n_layers_tested": 6,
  "n_heads": 12,
  "families": [
    "copying",
    "delimiter_tracking",
    "json_schema",
    "factual_recall",
    "arithmetic",
    "code_syntax"
  ],
  "results": {
    "copying": {
      "0": [
        0.079102,
        0.008606,
        0.027344,
        0.261719,
        0.028931,
        0.049805,
        0.146484,
        0.015503,
        0.066406,
        0.024536,
        0.12793,
        0.070801
      ],
      "1": [
        0.006744,
        0.189453,
        0.030273,
        0.0271,
        0.089355,
        0.038818,
        0.004639,
        0.003281,
        0.004059,
        0.000977,
        0.005096,
        0.003464
      ],
      "2": [
        0.016357,
        -0.001747,
        0.002335,
        0.017822,
        0.003204,
        0.015991,
        -0.000174,
        0.001343,
        -0.000452,
        0.001175,
        0.018555,
        -0.000603
      ],
      "3": [
        -0.001678,
        0.001495,
        0.000797,
        0.005127,
        0.004608,
        0.001251,
        0.001541,
        -0.000139,
        -0.003296,
        -0.001244,
        -0.001526,
        0.006042
      ],
      "4": [
        0.000584,
        -0.001968,
        -0.001595,
        -0.003448,
        0.006195,
        0.002182,
        -0.001419,
        -0.00209,
        0.000671,
        -0.002838,
        -0.00177,
        0.001625
      ],
      "5": [
        0.000919,
        0.003235,
        -0.000751,
        0.001152,
        -0.001534,
        -0.00206,
        -0.003632,
        -0.002228,
        0.002319,
        -2.8e-05,
        -0.002594,
        0.000399
      ]
    },
    "delimiter_tracking": {
      "0": [
        0.026245,
        0.057617,
        0.036133,
        0.05957,
        0.027832,
        0.026978,
        0.4375,
        0.123535,
        0.092285,
        0.019043,
        0.443359,
        0.086426
      ],
      "1": [
        0.036621,
        0.048096,
        0.053711,
        0.019409,
        0.069336,
        0.070312,
        0.004791,
        0.002792,
        0.003738,
        0.009094,
        0.049561,
        0.031494
      ],
      "2": [
        0.012878,
        0.011536,
        0.012146,
        0.008301,
        0.006134,
        0.013245,
        0.002975,
        0.004242,
        0.0177,
        0.005829,
        -0.000511,
        0.024536
      ],
      "3": [
        0.019775,
        0.004852,
        0.017456,
        0.006317,
        0.00473,
        0.005554,
        0.013977,
        0.012939,
        0.010742,
        0.003937,
        0.005981,
        0.014832
      ],
      "4": [
        0.033936,
        0.004059,
        0.039062,
        0.008362,
        0.008423,
        0.003769,
        0.040039,
        0.005219,
        0.001518,
        0.004028,
        0.001839,
        0.0354
      ],
      "5": [
        0.015869,
        0.026001,
        0.031494,
        0.001015,
        0.027466,
        0.023193,
        0.011169,
        0.00708,
        0.006866,
        0.005585,
        0.003311,
        0.002472
      ]
    },
    "json_schema": {
      "0": [
        0.02002,
        0.060059,
        0.007721,
        0.045166,
        0.008606,
        0.090332,
        0.071289,
        0.050781,
        0.016479,
        0.035156,
        0.061035,
        0.018433
      ],
      "1": [
        0.00885,
        0.008301,
        0.013855,
        0.013611,
        0.011658,
        0.01062,
        0.002289,
        0.001831,
        0.007233,
        0.005554,
        0.00145,
        0.004028
      ],
      "2": [
        0.003418,
        0.005249,
        0.006683,
        0.004791,
        0.004578,
        0.002716,
        0.003113,
        0.010193,
        0.005157,
        0.002426,
        0.004303,
        0.005066
      ],
      "3": [
        0.005249,
        0.004303,
        0.002274,
        0.002808,
        0.004822,
        0.004517,
        0.00769,
        0.006287,
        0.001038,
        0.007751,
        0.002747,
        0.002289
      ],
      "4": [
        0.002609,
        0.003769,
        0.005615,
        0.005157,
        0.005554,
        0.003326,
        0.003204,
        0.006866,
        0.001144,
        0.000349,
        0.00769,
        0.00885
      ],
      "5": [
        0.00824,
        0.017822,
        0.007782,
        0.004303,
        0.004791,
        0.00824,
        0.00766,
        0.005737,
        0.005707,
        0.001953,
        0.001015,
        0.002029
      ]
    },
    "factual_recall": {
      "0": [
        -0.000519,
        0.081543,
        0.015076,
        0.071289,
        -0.0005,
        0.195312,
        0.025146,
        0.181641,
        0.072754,
        0.014099,
        0.009338,
        0.029419
      ],
      "1": [
        0.005798,
        0.013123,
        0.01123,
        0.026855,
        0.005951,
        0.004181,
        0.001816,
        0.006805,
        0.003387,
        -0.000965,
        -0.000992,
        0.006195
      ],
      "2": [
        0.022827,
        0.000858,
        0.000576,
        -0.000885,
        0.004456,
        0.001244,
        -0.001793,
        -0.000136,
        0.001808,
        -0.000319,
        0.001404,
        0.00322
      ],
      "3": [
        0.000652,
        0.001892,
        0.000931,
        0.0065,
        0.001419,
        0.012573,
        0.001221,
        0.009949,
        -0.000629,
        0.003189,
        -0.000923,
        0.00322
      ],
      "4": [
        -0.000488,
        0.001236,
        0.037109,
        0.001785,
        -0.002716,
        0.010071,
        -1.5e-05,
        0.000389,
        0.004547,
        0.009583,
        0.00132,
        0.003128
      ],
      "5": [
        0.00412,
        0.00473,
        0.019409,
        0.007874,
        0.008728,
        0.021484,
        0.002533,
        -0.001152,
        -0.00074,
        0.000241,
        -0.001953,
        0.001595
      ]
    },
    "arithmetic": {
      "0": [
        0.019653,
        0.064453,
        0.034668,
        1.023438,
        0.053955,
        0.004364,
        0.054199,
        0.011169,
        0.136719,
        0.036865,
        0.005127,
        0.009338
      ],
      "1": [
        0.003479,
        0.021484,
        0.051758,
        0.005188,
        0.009216,
        0.101074,
        0.010132,
        0.004974,
        0.020386,
        0.007599,
        0.005066,
        0.005646
      ],
      "2": [
        0.018433,
        0.006989,
        0.003967,
        0.002914,
        0.00766,
        0.005066,
        0.000965,
        0.003937,
        -0.000294,
        0.005798,
        0.003082,
        0.003845
      ],
      "3": [
        0.001671,
        0.003052,
        0.003006,
        0.008789,
        0.003021,
        0.006226,
        0.006195,
        0.006866,
        0.003021,
        0.002365,
        0.002396,
        0.012268
      ],
      "4": [
        0.000626,
        0.001266,
        0.002594,
        0.002655,
        0.003677,
        0.00412,
        0.001945,
        0.003098,
        0.004883,
        -0.001335,
        0.005859,
        0.009216
      ],
      "5": [
        0.01001,
        0.017578,
        0.02063,
        0.005463,
        0.002991,
        0.002731,
        0.003586,
        0.005096,
        0.002274,
        0.003647,
        0.003326,
        0.003662
      ]
    },
    "code_syntax": {
      "0": [
        0.011047,
        0.005096,
        0.025024,
        0.345703,
        0.018799,
        0.00589,
        0.507812,
        0.003113,
        0.112793,
        0.002914,
        0.012146,
        0.003555
      ],
      "1": [
        0.003708,
        0.001724,
        0.001862,
        0.016357,
        0.037354,
        0.023438,
        0.004242,
        0.004517,
        0.000751,
        0.005646,
        0.003571,
        0.00885
      ],