{
  "n_layers": 28,
  "families": [
    "copying",
    "delimiter_tracking",
    "json_schema",
    "factual_recall",
    "arithmetic",
    "code_syntax",
    "code_semantics",
    "dead_code"
  ],
  "effect_matrix": {
    "copying": [
      8.625,
      8.25,
      10.75,
      7.75,
      7.96875,
      10.0,
      10.4375,
      10.75,
      6.125,
      11.625,
      8.3125,
      6.9375,
      10.5,
      10.125,
      14.9375,
      10.375,
      7.0625,
      6.53125,
      9.4375,
      7.96875,
      9.25,
      8.8125,
      5.15625,
      5.28125,
      7.71875,
      6.375,
      12.4375,
      8.1875
    ],
    "delimiter_tracking": [
      2.3125,
      3.703125,
      5.8125,
      9.125,
      7.0625,
      4.34375,
      15.9375,
      5.59375,
      4.9375,
      6.1875,
      9.5625,
      6.5625,
      8.3125,
      8.75,
      3.765625,
      5.28125,
      5.3125,
      3.796875,
      11.3125,
      4.0,
      6.34375,
      5.0,
      7.09375,
      3.484375,
      6.125,
      5.6875,
      14.75,
      10.1875
    ],
    "json_schema": [
      8.8125,
      9.3125,
      11.625,
      8.8125,
      11.1875,
      11.875,
      14.875,
      11.875,
      15.875,
      13.875,
      16.25,
      10.375,
      16.5,
      7.96875,
      24.375,
      13.5,
      11.6875,
      14.0,
      17.25,
      13.0625,
      16.375,
      9.5,
      11.875,
      10.25,
      12.25,
      8.5625,
      12.75,
      9.5
    ],
    "factual_recall": [
      6.90625,
      5.625,
      6.65625,
      4.75,
      9.625,
      11.125,
      12.375,
      9.0,
      3.234375,
      8.25,
      5.78125,
      5.6875,
      4.71875,
      9.9375,
      10.4375,
      7.875,
      8.5,
      3.75,
      2.625,
      5.0,
      5.8125,
      4.40625,
      1.6640625,
      3.609375,
      7.53125,
      4.28125,
      14.75,
      9.5
    ],
    "arithmetic": [
      7.9375,
      6.75,
      7.40625,
      5.65625,
      11.1875,
      13.0,
      13.4375,
      9.5,
      4.34375,
      9.625,
      5.78125,
      6.375,
      4.21875,
      11.3125,
      11.0,
      8.5625,
      10.3125,
      4.96875,
      2.265625,
      5.8125,
      5.90625,
      4.625,
      1.8046875,
      3.90625,
      8.125,
      4.90625,
      16.0,
      10.3125
    ],
    "code_syntax": [
      7.1875,
      5.40625,
      6.71875,
      5.125,
      9.125,
      12.125,
      12.875,
      10.6875,
      3.59375,
      8.6875,
      7.09375,
      7.625,
      6.34375,
      11.125,
      8.9375,
      7.8125,
      9.4375,
      5.25,
      4.21875,
      5.5,
      7.40625,
      4.875,
      3.203125,
      4.375,
      8.125,
      5.78125,
      15.125,
      10.3125
    ],
    "code_semantics": [
      6.84375,
      5.75,
      7.84375,
      8.875,
      10.125,
      10.9375,
      13.0625,
      11.0625,
      11.5,
      12.0,
      10.25,
      7.53125,
      13.375,
      11.875,
      14.8125,
      13.8125,
      12.125,
      9.9375,
      11.9375,
      7.8125,
      8.25,
      7.5,
      12.0625,
      6.03125,
      11.25,
      8.3125,
      12.0,
      9.25
    ],
    "dead_code": [
      6.875,
      6.4375,
      8.3125,
      8.25,
      10.5,
      10.125,
      13.25,
      10.625,
      11.5,
      12.4375,
      10.0,
      8.0625,
      13.375,
      11.4375,
      15.8125,
      13.9375,
      12.125,
      9.4375,
      11.9375,
      8.625,
      9.0625,
      7.75,
      11.1875,
      6.28125,
      11.5625,
      7.90625,
      11.8125,
      9.3125
    ]
  },
  "mean_per_layer": [
    6.9375,
    6.4043,
    8.1406,
    7.293,
    9.5977,
    10.4414,
    13.2812,
    9.8867,
    7.6387,
    10.3359,
    9.1289,
    7.3945,
    9.668,
    10.3164,
    13.0098,
    10.1445,
    9.5703,
    7.209,
    8.873,
    7.2227,
    8.5508,
    6.5586,
    6.7559,
    5.4023,
    9.0859,
    6.4766,
    13.7031,
    9.5703
  ],
  "top_layers": [
    26,
    6,
    14,
    5,
    9
  ],
  "top_layer_kls": [
    13.7031,
    13.2812,
    13.0098,
    10.4414,
    10.3359
  ]
}