{
  "prompt_0": {
    "text": "The capital of France is",
    "sensitivity": {
      "L0": 0.960938,
      "L1": 0.75,
      "L2": 0.835938,
      "L3": 1.023438,
      "L4": 0.871094,
      "L5": 0.652344,
      "L6": 0.550781,
      "L7": 0.53125,
      "L8": 0.453125,
      "L9": 0.390625,
      "L10": 0.296875,
      "L11": 0.245117,
      "L12": 0.178711,
      "L13": 0.138672
    }
  },
  "prompt_1": {
    "text": "{\"key\":",
    "sensitivity": {
      "L0": 1.023438,
      "L1": 1.765625,
      "L2": 1.3125,
      "L3": 1.09375,
      "L4": 1.109375,
      "L5": 0.894531,
      "L6": 0.953125,
      "L7": 0.695312,
      "L8": 0.5625,
      "L9": 0.519531,
      "L10": 0.398438,
      "L11": 0.308594,
      "L12": 0.196289,
      "L13": 0.160156
    }
  },
  "prompt_2": {
    "text": "def foo():",
    "sensitivity": {
      "L0": 0.792969,
      "L1": 0.875,
      "L2": 0.8125,
      "L3": 1.140625,
      "L4": 0.8125,
      "L5": 0.613281,
      "L6": 0.644531,
      "L7": 0.585938,
      "L8": 0.539062,
      "L9": 0.394531,
      "L10": 0.265625,
      "L11": 0.238281,
      "L12": 0.143555,
      "L13": 0.115234
    }
  }
}