{
  "copying": {
    "base_to_trained_kl": 0.539062,
    "layer_ablation_kls": [
      8.8125,
      8.75,
      11.375,
      10.5,
      10.1875,
      11.625,
      12.1875,
      11.6875,
      7.1562,
      12.125,
      8.625,
      7.6875,
      13.75,
      10.125,
      16.75,
      12.1875,
      8.125,
      8.0625,
      12.375,
      7.875,
      10.375,
      9.875,
      5.875,
      6.125,
      8.125,
      6.9375,
      12.375,
      8.375
    ]
  },
  "delimiter_tracking": {
    "base_to_trained_kl": 0.277344,
    "layer_ablation_kls": [
      2.4688,
      4.2188,
      6.7188,
      11.1875,
      8.0625,
      5.2812,
      18.125,
      5.375,
      4.9375,
      5.8438,
      10.0625,
      8.0625,
      7.7812,
      9.5,
      1.3828,
      5.3438,
      4.1562,
      3.1406,
      11.625,
      3.4688,
      6.9688,
      5.3438,
      8.0625,
      3.2812,
      6.0,
      5.4062,
      16.125,
      11.25
    ]
  },
  "json_schema": {
    "base_to_trained_kl": 6.46875,
    "layer_ablation_kls": [
      9.75,
      10.5,
      12.3125,
      7.5,
      6.0312,
      7.5938,
      7.5,
      8.5625,
      12.9375,
      11.25,
      13.875,
      7.9375,
      9.875,
      12.0625,
      20.25,
      11.125,
      8.625,
      11.5,
      12.625,
      13.125,
      13.0625,
      9.875,
      6.9688,
      7.7188,
      13.9375,
      9.8125,
      14.0625,
      11.0
    ]
  },
  "factual_recall": {
    "base_to_trained_kl": 0.161133,
    "layer_ablation_kls": [
      6.8125,
      5.75,
      7.0938,
      6.5,
      10.25,
      11.0625,
      13.9375,
      9.0,
      3.7969,
      9.25,
      6.25,
      5.5,
      6.0,
      9.375,
      12.125,
      8.1875,
      8.0,
      3.75,
      3.9531,
      4.875,
      6.2188,
      5.5,
      1.9453,
      3.5469,
      7.0312,
      4.2812,
      13.75,
      8.875
    ]
  },
  "arithmetic": {
    "base_to_trained_kl": 0.077148,
    "layer_ablation_kls": [
      9.0,
      7.875,
      8.4375,
      8.0,
      13.0625,
      14.6875,
      15.8125,
      9.8125,
      5.2812,
      11.3125,
      6.2188,
      6.9375,
      4.6875,
      12.125,
      12.6875,
      9.1875,
      11.3125,
      5.3438,
      2.5469,
      6.3438,
      6.3125,
      5.4688,
      2.2344,
      4.1875,
      8.5,
      5.2812,
      16.5,
      10.75
    ]
  },
  "code_syntax": {
    "base_to_trained_kl": 0.048096,
    "layer_ablation_kls": [
      7.3125,
      5.625,
      7.3125,
      6.9375,
      9.75,
      13.6875,
      15.0,
      11.5625,
      4.1875,
      9.875,
      7.8125,
      8.3125,
      7.625,
      11.8125,
      9.6875,
      8.0,
      10.125,
      6.0,
      4.9688,
      5.3125,
      8.3125,
      5.3438,
      3.8594,
      4.6562,
      8.25,
      6.125,
      14.8125,
      10.3125
    ]
  },
  "code_semantics": {
    "base_to_trained_kl": 0.083008,
    "layer_ablation_kls": [
      6.9688,
      6.5312,
      8.1875,
      10.0,
      11.625,
      10.6875,
      15.125,
      10.625,
      11.375,
      13.3125,
      10.5625,
      7.875,
      13.0625,
      11.8125,
      16.125,
      14.125,
      12.625,
      9.125,
      11.625,
      8.4375,
      8.9375,
      7.8125,
      11.5,
      6.2188,
      11.375,
      8.1875,
      12.125,
      9.6875
    ]
  },
  "dead_code": {
    "base_to_trained_kl": 0.417969,
    "layer_ablation_kls": [
      6.7812,
      8.4375,
      9.625,
      8.875,
      12.4375,
      9.4375,
      16.125,
      9.875,
      11.875,
      15.5625,
      10.875,
      9.3125,
      13.3125,
      11.4375,
      18.25,
      14.3125,
      12.6875,
      8.0625,
      11.5625,
      11.375,
      11.3125,
      9.125,
      9.5,
      6.9062,
      12.0625,
      8.0625,
      12.125,
      10.5
    ]
  }
}