{
  "base_json_ablation": [
    10.84784393310547,
    1.499224352836609,
    4.808698844909668,
    0.4585150718688965,
    1.2511772871017457,
    1.5601375102996826,
    1.3035715103149415,
    0.6942304193973541,
    0.3184118390083313,
    0.23245992958545686,
    0.251956444978714,
    0.41027399599552156,
    0.7209108471870422,
    0.1637325406074524,
    0.1658569186925888,
    0.2620032489299774,
    0.22821744084358214,
    0.7125010132789612,
    0.0624070517718792,
    0.39994856119155886,
    0.40600924491882323,
    0.09596119374036789,
    0.20016844868659972,
    0.6202679634094238
  ],
  "q_proj_only": {
    "config": "q_proj_only",
    "modules": [
      "q_proj"
    ],
    "train_loss": 1.3290211486816406,
    "n_trainable": 344064,
    "json_ablation": [
      13.292123222351075,
      2.1438355922698973,
      8.041465377807617,
      1.04833744764328,
      1.8097236156463623,
      1.7641499042510986,
      1.3902366161346436,
      3.5109968185424805,
      2.0132670402526855,
      1.8028928279876708,
      1.981320285797119,
      2.3928829431533813,
      0.9413321614265442,
      0.38107919991016387,
      2.0867036104202272,
      1.8895817041397094,
      7.294651699066162,
      0.8556211233139038,
      0.1921478509902954,
      0.46556849479675294,
      0.23886359930038453,
      0.05592492520809174,
      0.11043953523039818,
      1.6312719106674194
    ]
  },
  "v_proj_only": {
    "config": "v_proj_only",
    "modules": [
      "v_proj"
    ],
    "train_loss": 0.8595879364013672,
    "n_trainable": 196608,
    "json_ablation": [
      13.595627975463866,
      0.2179923474788666,
      10.30232219696045,
      0.2252018541097641,
      0.0028361508157104254,
      0.26121829003095626,
      0.013876572484150529,
      0.1954064216464758,
      0.40023226737976075,
      0.01042769169434905,
      0.17712940871715546,
      0.17258871495723724,
      1.0321523368358612,
      1.5511509418487548,
      1.3268314361572267,
      2.206086254119873,
      2.1358163595199584,
      0.101856629550457,
      0.06799277737736702,
      0.41223636269569397,
      0.03944241292774677,
      0.05363644622266293,
      0.023804809898138046,
      0.5053010880947113
    ]
  },
  "o_proj_only": {
    "config": "o_proj_only",
    "modules": [
      "o_proj"
    ],
    "train_loss": 0.6164380645751953,
    "n_trainable": 344064,
    "json_ablation": [
      14.484951972961426,
      0.0027747690503019838,
      1.6477440118789672,
      0.014883622154593467,
      7.69274090998806e-05,
      0.0019433433539234103,
      0.9503440141677857,
      0.018468955607386307,
      0.0004255282401572913,
      0.0001018765615299344,
      0.0005019212840124965,
      0.0025970158632844685,
      0.0322938296943903,
      0.0017384341306751594,
      0.022616299614310265,
      0.0237843019887805,
      0.7122380431741476,
      0.00398538326844573,
      0.0007161636371165514,
      0.00021327866852516308,
      0.0016001127776689827,
      0.00014552062784787268,
      0.010499081201851368,
      0.008178368024528027
    ]
  },
  "mlp_only": {
    "config": "mlp_only",
    "modules": [
      "up_proj",
      "gate_proj",
      "down_proj"
    ],
    "train_loss": 0.35350894927978516,
    "n_trainable": 3317760,
    "json_ablation": [
      12.768239593505859,
      0.002628908841870725,
      3.6918906211853026,
      0.0001902797885122709,
      0.00011755012164940126,
      0.058445995301008226,
      0.0006316763465292752,
      0.012745223939418793,
      0.00011627389903878793,
      0.00011773221340263262,
      0.0003411442128708586,
      0.0034868155606091024,
      0.0020302108954638244,
      0.021236015670001506,
      0.0009979381575249135,
      0.002662887005135417,
      7.847727756598033e-05,
      0.0020389855839312077,
      0.00013808750663883983,
      2.2690201876685024e-05,
      0.0006788037833757698,
      3.143206376989838e-05,
      0.0006597520434297622,
      0.0009601637721061707
    ]
  },
  "attn_all": {
    "config": "attn_all",
    "modules": [
      "q_proj",
      "k_proj",
      "v_proj",
      "o_proj"
    ],
    "train_loss": 0.4932988739013672,
    "n_trainable": 1081344,
    "json_ablation": [
      12.90694522857666,
      0.0002118172124028206,
      3.1679150581359865,
      0.0010913757665548473,
      0.00019651194161269815,
      0.0015152548090554773,
      0.14288328230613842,
      0.003158668032847345,
      0.012437065690755844,
      0.0014328606193885207,
      0.0076552961952984335,
      0.015517804212868214,
      0.00628422440495342,
      0.0013977842987515031,
      0.021516706608235837,
      0.46278004348278046,
      0.12633304186165334,
      0.02085647191852331,
      0.002685285545885563,
      0.00017394434253219514,
      0.0004070384195074439,
      0.00018504513427615167,
      0.012634619139134884,
      0.010100860986858607
    ]
  },
  "all_linear": {
    "config": "all_linear",
    "modules": [
      "q_proj",
      "k_proj",
      "v_proj",
      "o_proj",
      "up_proj",
      "gate_proj",
      "down_proj"
    ],
    "train_loss": 0.3296857070922852,
    "n_trainable": 4399104,
    "json_ablation": [
      12.96835880279541,
      0.0007297983043827117,
      1.7759130716323852,
      0.00034340120473643767,
      0.0015310394130210625,
      0.042792738601565364,
      0.0016878759837709368,
      0.034874542616307735,
      0.0011441062903031706,
      0.0012905534211313352,
      0.0003238042787415907,
      0.007188019808381796,
      0.045058583840727806,
      0.06648097336292266,
      0.004218420572578907,
      0.043452918902039527,
      0.000481574097648263,
      0.0024713722057640554,
      0.00028010703972540795,
      0.0003394837680389173,
      0.0006439910386689008,
      0.00023522587434854358,
      0.002443263027817011,
      0.002028133743442595
    ]
  }
}