{
  "n_layers": 28,
  "families": [
    "copying",
    "delimiter_tracking",
    "json_schema",
    "factual_recall",
    "arithmetic",
    "code_syntax",
    "code_semantics",
    "dead_code"
  ],
  "effect_matrix": {
    "copying": [
      2.734375,
      2.609375,
      0.2177734375,
      0.1923828125,
      0.16015625,
      0.6328125,
      0.625,
      0.28125,
      0.28125,
      0.55859375,
      0.1416015625,
      0.1669921875,
      0.3125,
      0.40234375,
      0.458984375,
      0.197265625,
      0.177734375,
      0.328125,
      0.5546875,
      0.57421875,
      0.1884765625,
      0.21875,
      0.11962890625,
      0.12060546875,
      0.69140625,
      0.7265625,
      0.76171875,
      2.796875
    ],
    "delimiter_tracking": [
      2.390625,
      0.259765625,
      0.1806640625,
      0.126953125,
      0.060302734375,
      0.1923828125,
      0.11474609375,
      0.125,
      0.05859375,
      0.076171875,
      0.04638671875,
      0.0654296875,
      0.0703125,
      0.056640625,
      0.1240234375,
      0.03076171875,
      0.07568359375,
      0.056396484375,
      0.07177734375,
      0.057373046875,
      0.0517578125,
      0.11962890625,
      0.0771484375,
      0.04150390625,
      0.34375,
      0.0849609375,
      0.04345703125,
      0.6015625
    ],
    "json_schema": [
      8.5,
      7.125,
      0.0986328125,
      0.041259765625,
      0.09228515625,
      0.1416015625,
      0.125,
      0.3515625,
      0.19140625,
      0.2578125,
      0.07666015625,
      0.205078125,
      0.20703125,
      0.1748046875,
      0.22265625,
      0.302734375,
      0.07275390625,
      0.251953125,
      0.1337890625,
      0.486328125,
      0.158203125,
      0.255859375,
      0.287109375,
      0.25390625,
      0.2119140625,
      0.17578125,
      0.53515625,
      0.671875
    ],
    "factual_recall": [
      0.7734375,
      0.48046875,
      0.0301513671875,
      0.027587890625,
      0.02978515625,
      0.0224609375,
      0.026611328125,
      0.049560546875,
      0.07470703125,
      0.01092529296875,
      0.0191650390625,
      0.04931640625,
      0.0140380859375,
      0.03515625,
      0.010986328125,
      0.007171630859375,
      0.014404296875,
      0.01434326171875,
      0.0296630859375,
      0.02001953125,
      0.02294921875,
      0.018798828125,
      0.025146484375,
      0.0595703125,
      0.07470703125,
      0.2099609375,
      0.197265625,
      1.21875
    ],
    "arithmetic": [
      1.734375,
      0.05712890625,
      0.053466796875,
      0.007781982421875,
      0.036376953125,
      0.2333984375,
      0.009033203125,
      0.0869140625,
      0.1025390625,
      0.0400390625,
      0.265625,
      0.01434326171875,
      0.030029296875,
      0.01214599609375,
      0.009521484375,
      0.01513671875,
      0.023681640625,
      0.0361328125,
      0.00933837890625,
      0.020263671875,
      0.01373291015625,
      0.038818359375,
      0.302734375,
      0.06494140625,
      0.00836181640625,
      0.0419921875,
      0.1484375,
      1.0390625
    ],
    "code_syntax": [
      0.7265625,
      0.412109375,
      0.08447265625,
      0.08349609375,
      0.126953125,
      0.0091552734375,
      0.039794921875,
      0.220703125,
      0.126953125,
      0.044189453125,
      0.0703125,
      0.02685546875,
      0.049560546875,
      0.007598876953125,
      0.005096435546875,
      0.060546875,
      0.017578125,
      0.0194091796875,
      0.01092529296875,
      0.06884765625,
      0.01275634765625,
      0.0869140625,
      0.041748046875,
      0.01318359375,
      0.036376953125,
      0.07568359375,
      0.3671875,
      1.015625
    ],
    "code_semantics": [
      2.203125,
      2.546875,
      0.32421875,
      0.03515625,
      0.15625,
      0.16015625,
      0.06640625,
      0.11083984375,
      0.216796875,
      0.53125,
      0.1259765625,
      0.0615234375,
      0.1708984375,
      0.0556640625,
      0.044677734375,
      0.05908203125,
      0.0189208984375,
      0.024658203125,
      0.142578125,
      0.09619140625,
      0.0654296875,
      0.1015625,
      0.06201171875,
      0.0673828125,
      0.029052734375,
      0.04345703125,
      0.11376953125,
      1.0234375
    ],
    "dead_code": [
      1.5546875,
      1.140625,
      0.33984375,
      0.05419921875,
      0.0693359375,
      0.06787109375,
      0.11083984375,
      0.1455078125,
      0.2119140625,
      0.47265625,
      0.1259765625,
      0.201171875,
      0.07373046875,
      0.03857421875,
      0.046142578125,
      0.07373046875,
      0.09130859375,
      0.0810546875,
      0.1396484375,
      0.1494140625,
      0.1953125,
      0.15625,
      0.1005859375,
      0.044677734375,
      0.047607421875,
      0.050537109375,
      0.18359375,
      1.03125
    ]
  },
  "mean_per_layer": [
    2.5771,
    1.8289,
    0.1662,
    0.0711,
    0.0914,
    0.1825,
    0.1397,
    0.1714,
    0.158,
    0.249,
    0.109,
    0.0988,
    0.116,
    0.0979,
    0.1153,
    0.0933,
    0.0615,
    0.1015,
    0.1366,
    0.1841,
    0.0886,
    0.1246,
    0.127,
    0.0832,
    0.1804,
    0.1761,
    0.2938,
    1.1748
  ],
  "top_layers": [
    0,
    1,
    27,
    26,
    9
  ]
}