{
  "family": "copying",
  "rank": 8,
  "steps": 100,
  "lr": 0.0002,
  "batch_size": 2,
  "final_loss": 0.1777775138616562,
  "final_acc": 0.8947368264198303,
  "loss_curve": [
    1.7720811367034912,
    3.770360231399536,
    2.8086013793945312,
    1.6069200038909912,
    1.3080536127090454,
    1.6522225141525269,
    2.2124390602111816,
    1.1399003267288208,
    0.7168729305267334,
    0.7289108633995056,
    0.8188093900680542,
    0.5237882137298584,
    0.7808712720870972,
    0.8146393895149231,
    0.7826896905899048,
    0.3411984145641327,
    0.4406263530254364,
    0.4136781394481659,
    0.49192696809768677,
    0.4026758074760437,
    0.2238372564315796,
    0.3043454587459564,
    0.38225236535072327,
    0.15004503726959229,
    0.351127028465271,
    0.5072702765464783,
    0.2363639920949936,
    0.29516109824180603,
    0.18758173286914825,
    0.2491319179534912,
    0.1531350314617157,
    0.17962566018104553,
    0.18143707513809204,
    0.2902621626853943,
    0.11971865594387054,
    0.29437875747680664,
    0.16577303409576416,
    0.33445754647254944,
    0.10354455560445786,
    0.23532576858997345,
    0.13861492276191711,
    0.12609465420246124,
    0.14138749241828918,
    0.23378632962703705,
    0.18413348495960236,
    0.11255145817995071,
    0.2039700597524643,
    0.16190305352210999,
    0.19028165936470032,
    0.07431542873382568,
    0.15382307767868042,
    0.14320418238639832,
    0.21422134339809418,
    0.08531580865383148,
    0.21250618994235992,
    0.1664123684167862,
    0.10285107046365738,
    0.11763230711221695,
    0.0896281898021698,
    0.1942957490682602,
    0.10310858488082886,
    0.14678418636322021,
    0.13291992247104645,
    0.15460997819900513,
    0.08128760010004044,
    0.13712327182292938,
    0.13066010177135468,
    0.18168547749519348,
    0.08947183191776276,
    0.17809268832206726,
    0.08064493536949158,
    0.10871770977973938,
    0.10238723456859589,
    0.16582831740379333,
    0.1657980978488922,
    0.09368039667606354,
    0.1827123761177063,
    0.10938160121440887,
    0.10837480425834656,
    0.06582964211702347,
    0.13627979159355164,
    0.14818204939365387,
    0.1718754768371582,
    0.10616473853588104,
    0.1935051828622818,
    0.08569370210170746,
    0.08767107129096985,
    0.09542876482009888,
    0.11614243686199188,
    0.1595858931541443,
    0.10720119625329971,
    0.14899662137031555,
    0.11550219357013702,
    0.13037610054016113,
    0.06708962470293045,
    0.11613630503416061,
    0.1075700968503952,
    0.17027203738689423,
    0.0980621948838234,
    0.1777775138616562
  ],
  "acc_curve": [
    0.6486486196517944,
    0.25,
    0.4545454680919647,
    0.6296296119689941,
    0.75,
    0.6666666865348816,
    0.6315789222717285,
    0.7407407164573669,
    0.7931034564971924,
    0.7894737124443054,
    0.8148148059844971,
    0.9230769276618958,
    0.8214285969734192,
    0.8947368264198303,
    0.8181818127632141,
    0.837837815284729,
    1.0,
    0.9090909361839294,
    0.8888888955116272,
    0.8999999761581421,
    0.9259259104728699,
    0.8947368264198303,
    0.8518518805503845,
    0.9655172228813171,
    0.8947368264198303,
    0.8888888955116272,
    0.9487179517745972,
    0.8214285969734192,
    0.9473684430122375,
    0.9090909361839294,
    0.8918918967247009,
    0.9375,
    0.9090909361839294,
    0.9259259104728699,
    0.949999988079071,
    0.8888888955116272,
    0.9473684430122375,
    0.8888888955116272,
    0.9655172228813171,
    0.8947368264198303,
    0.9259259104728699,
    0.9487179517745972,
    0.9285714030265808,
    0.8947368264198303,
    0.9090909361839294,
    0.9189189076423645,
    0.875,
    0.9090909361839294,
    0.9259259104728699,
    0.949999988079071,
    0.8888888955116272,
    0.9473684430122375,
    0.8888888955116272,
    0.931034505367279,
    0.8947368264198303,
    0.9259259104728699,
    0.9487179517745972,
    0.8928571343421936,
    1.0,
    0.9090909361839294,
    0.9189189076423645,
    0.9375,
    0.9090909361839294,
    0.9259259104728699,
    0.949999988079071,
    0.8888888955116272,
    0.9473684430122375,
    0.8888888955116272,
    0.9655172228813171,
    0.8947368264198303,
    0.9259259104728699,
    0.9487179517745972,
    0.8928571343421936,
    0.8947368264198303,
    0.9090909361839294,
    0.9189189076423645,
    0.875,
    0.9545454382896423,
    0.9629629850387573,
    0.949999988079071,
    0.8888888955116272,
    0.8947368264198303,
    0.8888888955116272,
    0.931034505367279,
    0.8947368264198303,
    0.9259259104728699,
    0.9487179517745972,
    0.8928571343421936,
    0.8947368264198303,
    0.9090909361839294,
    0.9189189076423645,
    0.875,
    0.9090909361839294,
    0.9259259104728699,
    0.949999988079071,
    0.9259259104728699,
    0.9473684430122375,
    0.8888888955116272,
    0.931034505367279,
    0.8947368264198303
  ],
  "n_examples": 300,
  "timestamp": "2026-06-21T19:55:10.436450+00:00"
}