{
  "best_global_step": null,
  "best_metric": null,
  "best_model_checkpoint": null,
  "epoch": 50.0,
  "eval_steps": 500,
  "global_step": 100,
  "is_hyper_param_search": false,
  "is_local_process_zero": true,
  "is_world_process_zero": true,
  "log_history": [
    {
      "entropy": 1.362153169944098,
      "epoch": 12.666666666666666,
      "grad_norm": 7.8281636238098145,
      "learning_rate": 0.00016888888888888889,
      "loss": 1.2823545837402344,
      "mean_token_accuracy": 0.7341197827144673,
      "num_tokens": 2280.0,
      "step": 25
    },
    {
      "entropy": 0.09233348111848573,
      "epoch": 25.0,
      "grad_norm": 1.7753270864486694,
      "learning_rate": 0.00011333333333333334,
      "loss": 0.10363405227661132,
      "mean_token_accuracy": 0.9510717625553543,
      "num_tokens": 4500.0,
      "step": 50
    },
    {
      "entropy": 0.07025917957683928,
      "epoch": 37.666666666666664,
      "grad_norm": 0.6839344501495361,
      "learning_rate": 5.7777777777777776e-05,
      "loss": 0.07328305721282959,
      "mean_token_accuracy": 0.9605263134366587,
      "num_tokens": 6780.0,
      "step": 75
    },
    {
      "entropy": 0.069938943092082,
      "epoch": 50.0,
      "grad_norm": 1.7446643114089966,
      "learning_rate": 2.2222222222222225e-06,
      "loss": 0.06640379905700683,
      "mean_token_accuracy": 0.9608574074667853,
      "num_tokens": 9000.0,
      "step": 100
    }
  ],
  "logging_steps": 25,
  "max_steps": 100,
  "num_input_tokens_seen": 0,
  "num_train_epochs": 50,
  "save_steps": 500,
  "stateful_callbacks": {
    "TrainerControl": {
      "args": {
        "should_epoch_stop": false,
        "should_evaluate": false,
        "should_log": false,
        "should_save": true,
        "should_training_stop": true
      },
      "attributes": {}
    }
  },
  "total_flos": 19443283200000.0,
  "train_batch_size": 1,
  "trial_name": null,
  "trial_params": null
}
