{
  "family": "factual_recall",
  "rank": 8,
  "steps": 100,
  "lr": 0.0002,
  "batch_size": 2,
  "final_loss": 0.5522146821022034,
  "final_acc": 0.800000011920929,
  "loss_curve": [
    3.1466729640960693,
    2.230368137359619,
    1.586648941040039,
    2.044940710067749,
    2.1896755695343018,
    2.592205762863159,
    2.6025350093841553,
    1.7264647483825684,
    1.0531121492385864,
    0.7247215509414673,
    0.8396099805831909,
    1.1494253873825073,
    1.4813271760940552,
    1.3670127391815186,
    1.4078694581985474,
    0.6174123883247375,
    0.5752253532409668,
    0.6138732433319092,
    0.5871332883834839,
    0.8304075002670288,
    0.8875357508659363,
    0.7804301977157593,
    0.7147250771522522,
    0.6521638631820679,
    0.7145357131958008,
    0.3919319212436676,
    0.5073661804199219,
    0.610021710395813,
    0.48947662115097046,
    0.4953349530696869,
    0.7916035056114197,
    0.7197259664535522,
    0.5965980887413025,
    0.404599130153656,
    0.5647764205932617,
    0.493299275636673,
    0.3869267404079437,
    0.4149939715862274,
    0.6820478439331055,
    0.6416840553283691,
    0.49296078085899353,
    0.5133967399597168,
    0.48357388377189636,
    0.5101752877235413,
    0.3489239811897278,
    0.589370846748352,
    0.6622562408447266,
    0.5356420874595642,
    0.41965246200561523,
    0.5120091438293457,
    0.5288037657737732,
    0.42190343141555786,
    0.4507845640182495,
    0.570503830909729,
    0.5874496698379517,
    0.4099847674369812,
    0.443461537361145,
    0.5185961127281189,
    0.41176581382751465,
    0.4183691143989563,
    0.6024393439292908,
    0.5867272019386292,
    0.5483545064926147,
    0.3639555275440216,
    0.5140560865402222,
    0.4936527609825134,
    0.4219417870044708,
    0.42949581146240234,
    0.5773328542709351,
    0.5514551401138306,
    0.42052212357521057,
    0.4488328993320465,
    0.4883553385734558,
    0.4365498423576355,
    0.39208748936653137,
    0.561859130859375,
    0.6145288944244385,
    0.5167195796966553,
    0.38800498843193054,
    0.5009094476699829,
    0.4913199841976166,
    0.4107899069786072,
    0.4336690604686737,
    0.5696808099746704,
    0.566785454750061,
    0.41497012972831726,
    0.4533447027206421,
    0.4956520199775696,
    0.4208926260471344,
    0.38858821988105774,
    0.5689799785614014,
    0.5781632661819458,
    0.5168361663818359,
    0.38203343749046326,
    0.5084341168403625,
    0.4891912639141083,
    0.4176882803440094,
    0.42679691314697266,
    0.5787241458892822,
    0.5522146821022034
  ],
  "acc_curve": [
    0.6000000238418579,
    0.6000000238418579,
    0.5454545617103577,
    0.6875,
    0.5,
    0.6428571343421936,
    0.625,
    0.6153846383094788,
    0.800000011920929,
    0.800000011920929,
    0.8571428656578064,
    0.8666666746139526,
    0.7857142686843872,
    0.8125,
    0.7333333492279053,
    0.800000011920929,
    0.800000011920929,
    0.8181818127632141,
    0.875,
    0.8571428656578064,
    0.8571428656578064,
    0.875,
    0.8461538553237915,
    0.800000011920929,
    0.800000011920929,
    0.8571428656578064,
    0.8666666746139526,
    0.8571428656578064,
    0.875,
    0.8666666746139526,
    0.800000011920929,
    0.800000011920929,
    0.8181818127632141,
    0.875,
    0.8571428656578064,
    0.8571428656578064,
    0.875,
    0.9230769276618958,
    0.800000011920929,
    0.800000011920929,
    0.8571428656578064,
    0.8666666746139526,
    0.8571428656578064,
    0.875,
    0.8666666746139526,
    0.800000011920929,
    0.800000011920929,
    0.8181818127632141,
    0.875,
    0.8571428656578064,
    0.8571428656578064,
    0.875,
    0.8461538553237915,
    0.800000011920929,
    0.800000011920929,
    0.8571428656578064,
    0.8666666746139526,
    0.8571428656578064,
    0.875,
    0.8666666746139526,
    0.800000011920929,
    0.800000011920929,
    0.8181818127632141,
    0.875,
    0.8571428656578064,
    0.8571428656578064,
    0.875,
    0.8461538553237915,
    0.800000011920929,
    0.800000011920929,
    0.8571428656578064,
    0.8666666746139526,
    0.8571428656578064,
    0.875,
    0.8666666746139526,
    0.800000011920929,
    0.800000011920929,
    0.8181818127632141,
    0.875,
    0.8571428656578064,
    0.8571428656578064,
    0.875,
    0.8461538553237915,
    0.800000011920929,
    0.800000011920929,
    0.8571428656578064,
    0.8666666746139526,
    0.8571428656578064,
    0.875,
    0.8666666746139526,
    0.8999999761581421,
    0.800000011920929,
    0.8181818127632141,
    0.875,
    0.8571428656578064,
    0.8571428656578064,
    0.875,
    0.8461538553237915,
    0.800000011920929,
    0.800000011920929
  ],
  "n_examples": 300,
  "timestamp": "2026-06-21T19:56:16.355301+00:00"
}